[{"model": "member.item", "pk": 1, "fields": {"name": "OIL", "description": "This is oi", "rate": 10.0}}, {"model": "member.item", "pk": 2, "fields": {"name": "Petrol", "description": "petrol", "rate": 160.0}}, {"model": "member.item", "pk": 3, "fields": {"name": "Diesel", "description": "Diesel", "rate": 125.0}}, {"model": "member.item", "pk": 4, "fields": {"name": "V Ultra", "description": "V", "rate": 147.0}}, {"model": "member.item", "pk": 5, "fields": {"name": "U/D Premium", "description": "UD", "rate": 200.0}}, {"model": "member.item", "pk": 6, "fields": {"name": "Helium", "description": "he", "rate": 500.0}}, {"model": "member.membertype", "pk": 1, "fields": {"name": "Platinum", "description": "Platinum Member", "value": 1000.0}}, {"model": "member.memberprofile", "pk": 1, "fields": {"user": 2, "member_type": 1, "gender": 0, "city": "", "state": "", "zip_code": null, "contact": "", "credit": 500.0}}, {"model": "member.memberprofile", "pk": 2, "fields": {"user": 4, "member_type": null, "gender": 0, "city": "", "state": "", "zip_code": null, "contact": "", "credit": 0.0}}, {"model": "member.memberprofile", "pk": 3, "fields": {"user": 5, "member_type": 1, "gender": 0, "city": "Kathmandu", "state": "Bagmati", "zip_code": 44600, "contact": "", "credit": 5000.0}}, {"model": "member.memberprofile", "pk": 4, "fields": {"user": 6, "member_type": 1, "gender": 1, "city": "Kathmandu", "state": "Bagmati", "zip_code": 44600, "contact": "", "credit": 60.0}}, {"model": "member.memberprofile", "pk": 5, "fields": {"user": 7, "member_type": 1, "gender": 0, "city": "Kathmandu", "state": "Bagmati", "zip_code": 44600, "contact": "", "credit": 0.0}}, {"model": "member.memberprofile", "pk": 6, "fields": {"user": 9, "member_type": 1, "gender": 1, "city": "Kathmandu", "state": "Bagmati", "zip_code": 44600, "contact": "", "credit": 0.0}}, {"model": "member.memberprofile", "pk": 7, "fields": {"user": 10, "member_type": 1, "gender": 0, "city": "Kathmandu", "state": "Bagmati", "zip_code": 44600, "contact": "", "credit": 80.0}}, {"model": "member.memberprofile", "pk": 8, "fields": {"user": 11, "member_type": 1, "gender": 0, "city": "Kathmandu", "state": "Bagmati", "zip_code": 44600, "contact": "", "credit": 13.0}}, {"model": "member.memberprofile", "pk": 9, "fields": {"user": 12, "member_type": 1, "gender": 1, "city": "Kathmandu", "state": "Bagmati", "zip_code": 44600, "contact": "", "credit": 300.0}}, {"model": "member.memberprofile", "pk": 10, "fields": {"user": 13, "member_type": 1, "gender": 0, "city": "Kathmandu", "state": "Bagmati", "zip_code": 44600, "contact": "", "credit": 7000.0}}, {"model": "member.memberprofile", "pk": 11, "fields": {"user": 14, "member_type": 1, "gender": 1, "city": "Kathmandu", "state": "Bagmati", "zip_code": 44600, "contact": "", "credit": 7889.0}}, {"model": "member.memberprofile", "pk": 12, "fields": {"user": 15, "member_type": 1, "gender": 1, "city": "Kathmandu", "state": "Bagmati", "zip_code": 44600, "contact": "", "credit": 5266.0}}, {"model": "member.memberprofile", "pk": 13, "fields": {"user": 16, "member_type": null, "gender": 0, "city": "", "state": "", "zip_code": null, "contact": "", "credit": 0.0}}, {"model": "member.invoice", "pk": 1, "fields": {"member": 1, "quantity": 2, "order_timestamp": "2022-05-12T10:06:25Z", "item": 1, "employee": 1, "action_timestamp": "2022-05-12T10:08:40Z", "status": 1}}, {"model": "member.invoice", "pk": 7, "fields": {"member": 1, "quantity": 3, "order_timestamp": "2022-05-13T10:10:56.428Z", "item": 1, "employee": 1, "action_timestamp": "2022-05-13T10:13:06.814Z", "status": 2}}, {"model": "member.invoice", "pk": 8, "fields": {"member": 1, "quantity": 1, "order_timestamp": "2022-05-13T10:11:00.173Z", "item": 1, "employee": 1, "action_timestamp": "2022-05-13T10:13:05.157Z", "status": 1}}, {"model": "member.invoice", "pk": 9, "fields": {"member": 1, "quantity": 1, "order_timestamp": "2022-05-13T11:05:08.188Z", "item": 1, "employee": 1, "action_timestamp": "2022-05-13T11:49:22.833Z", "status": 2}}, {"model": "member.invoice", "pk": 12, "fields": {"member": 1, "quantity": 1, "order_timestamp": "2022-05-13T11:09:58.815Z", "item": 1, "employee": 1, "action_timestamp": "2022-05-13T11:39:46.175Z", "status": 1}}, {"model": "member.invoice", "pk": 13, "fields": {"member": 1, "quantity": 2, "order_timestamp": "2022-05-13T11:11:21.535Z", "item": 1, "employee": 1, "action_timestamp": "2022-05-13T11:46:04.372Z", "status": 1}}, {"model": "member.invoice", "pk": 15, "fields": {"member": 1, "quantity": 2, "order_timestamp": "2022-05-13T11:20:51.498Z", "item": 1, "employee": 1, "action_timestamp": "2022-05-13T11:39:39.526Z", "status": 1}}, {"model": "member.invoice", "pk": 17, "fields": {"member": 1, "quantity": 2, "order_timestamp": "2022-05-13T11:23:31.271Z", "item": 1, "employee": 1, "action_timestamp": "2022-05-13T11:38:31.933Z", "status": 1}}, {"model": "member.invoice", "pk": 20, "fields": {"member": 1, "quantity": 2, "order_timestamp": "2022-05-13T11:50:04.678Z", "item": 1, "employee": 1, "action_timestamp": "2022-05-13T11:52:32.783Z", "status": 2}}, {"model": "member.invoice", "pk": 21, "fields": {"member": 1, "quantity": 1, "order_timestamp": "2022-05-13T11:50:09.916Z", "item": 1, "employee": 1, "action_timestamp": "2022-05-13T11:50:51.222Z", "status": 1}}, {"model": "member.invoice", "pk": 22, "fields": {"member": 1, "quantity": 3, "order_timestamp": "2022-05-13T11:50:13.610Z", "item": 1, "employee": 1, "action_timestamp": "2022-05-13T11:52:23.940Z", "status": 1}}, {"model": "member.invoice", "pk": 23, "fields": {"member": 1, "quantity": 4, "order_timestamp": "2022-05-13T11:50:19.287Z", "item": 1, "employee": 1, "action_timestamp": "2022-05-13T11:57:15.997Z", "status": 2}}, {"model": "member.invoice", "pk": 24, "fields": {"member": 1, "quantity": 5, "order_timestamp": "2022-05-13T11:50:24.861Z", "item": 1, "employee": 1, "action_timestamp": "2022-05-13T11:52:28.760Z", "status": 1}}, {"model": "member.invoice", "pk": 25, "fields": {"member": 1, "quantity": 1, "order_timestamp": "2022-05-13T11:54:43.216Z", "item": 1, "employee": 1, "action_timestamp": "2022-05-13T11:57:15.352Z", "status": 2}}, {"model": "member.invoice", "pk": 26, "fields": {"member": 1, "quantity": 2, "order_timestamp": "2022-05-13T11:54:47.549Z", "item": 1, "employee": 1, "action_timestamp": "2022-05-13T11:57:14.426Z", "status": 2}}, {"model": "member.invoice", "pk": 27, "fields": {"member": 1, "quantity": 3, "order_timestamp": "2022-05-13T11:54:52.016Z", "item": 1, "employee": 1, "action_timestamp": "2022-05-13T11:57:13.146Z", "status": 2}}, {"model": "member.invoice", "pk": 28, "fields": {"member": 1, "quantity": 4, "order_timestamp": "2022-05-13T11:54:56.397Z", "item": 1, "employee": 1, "action_timestamp": "2022-05-13T11:55:11.918Z", "status": 2}}, {"model": "member.invoice", "pk": 29, "fields": {"member": 1, "quantity": 12, "order_timestamp": "2022-05-13T12:01:33.192Z", "item": 1, "employee": null, "action_timestamp": null, "status": 0}}, {"model": "member.invoice", "pk": 30, "fields": {"member": 3, "quantity": 2, "order_timestamp": "2022-05-10T09:37:15Z", "item": 1, "employee": 2, "action_timestamp": "2022-05-12T09:37:05Z", "status": 1}}, {"model": "member.invoice", "pk": 31, "fields": {"member": 5, "quantity": 4, "order_timestamp": "2022-05-10T09:37:25Z", "item": 1, "employee": 1, "action_timestamp": "2022-05-10T09:37:27Z", "status": 1}}, {"model": "member.invoice", "pk": 32, "fields": {"member": 12, "quantity": 8, "order_timestamp": "2022-05-12T09:38:21Z", "item": 1, "employee": 2, "action_timestamp": "2022-05-13T09:38:24Z", "status": 1}}, {"model": "member.invoice", "pk": 33, "fields": {"member": 12, "quantity": 3, "order_timestamp": "2022-05-13T09:40:39Z", "item": 3, "employee": 2, "action_timestamp": "2022-05-13T09:40:46Z", "status": 1}}, {"model": "member.invoice", "pk": 34, "fields": {"member": 4, "quantity": 3, "order_timestamp": "2022-05-12T09:41:20Z", "item": 5, "employee": 2, "action_timestamp": "2022-05-13T09:41:25Z", "status": 1}}, {"model": "member.invoice", "pk": 35, "fields": {"member": 9, "quantity": 1, "order_timestamp": "2022-05-13T09:41:58Z", "item": 5, "employee": 2, "action_timestamp": "2022-05-13T09:42:00Z", "status": 1}}, {"model": "member.invoice", "pk": 36, "fields": {"member": 8, "quantity": 47, "order_timestamp": "2022-05-13T09:42:28Z", "item": 6, "employee": 2, "action_timestamp": "2022-05-13T09:42:37Z", "status": 1}}, {"model": "member.invoice", "pk": 37, "fields": {"member": 9, "quantity": 2, "order_timestamp": "2022-05-13T09:43:15Z", "item": 3, "employee": 2, "action_timestamp": "2022-05-13T09:43:21Z", "status": 1}}, {"model": "member.invoice", "pk": 38, "fields": {"member": 5, "quantity": 7, "order_timestamp": "2022-05-11T09:43:34Z", "item": 4, "employee": 1, "action_timestamp": "2022-05-11T09:43:45Z", "status": 1}}, {"model": "member.invoice", "pk": 39, "fields": {"member": 11, "quantity": 40, "order_timestamp": "2022-05-10T09:44:04Z", "item": 2, "employee": 2, "action_timestamp": "2022-05-10T09:44:12Z", "status": 1}}, {"model": "member.invoice", "pk": 40, "fields": {"member": 2, "quantity": 2, "order_timestamp": "2022-05-09T09:44:33Z", "item": 6, "employee": 2, "action_timestamp": "2022-05-09T09:44:43Z", "status": 1}}, {"model": "member.invoice", "pk": 41, "fields": {"member": 10, "quantity": 4, "order_timestamp": "2022-05-10T09:45:04Z", "item": 2, "employee": 1, "action_timestamp": "2022-05-10T09:45:07Z", "status": 1}}, {"model": "member.invoice", "pk": 42, "fields": {"member": 1, "quantity": 2, "order_timestamp": "2022-05-14T10:55:40.412Z", "item": 1, "employee": 1, "action_timestamp": "2022-05-14T10:55:40.412Z", "status": 1}}, {"model": "member.invoice", "pk": 43, "fields": {"member": 1, "quantity": 1, "order_timestamp": "2022-05-14T12:02:39.863Z", "item": 1, "employee": null, "action_timestamp": null, "status": 0}}, {"model": "member.invoice", "pk": 44, "fields": {"member": 1, "quantity": 1, "order_timestamp": "2022-05-14T12:22:18.218Z", "item": 1, "employee": 1, "action_timestamp": "2022-05-14T12:22:18.218Z", "status": 1}}, {"model": "employee.employeeprofile", "pk": 1, "fields": {"user": 3, "gender": 0, "city": "Kathmandu", "state": "Bagmati", "zip_code": 44600, "contact": "+9779840424018", "employee_type": 0, "employment_date": "2022-05-13", "post": "Manager"}}, {"model": "employee.employeeprofile", "pk": 2, "fields": {"user": 8, "gender": 1, "city": "Kathmandu", "state": "Bagmati", "zip_code": 44600, "contact": "+9779840424123", "employee_type": 1, "employment_date": "2022-01-10", "post": "none"}}, {"model": "admin.logentry", "pk": 1, "fields": {"action_time": "2022-05-13T04:17:40.623Z", "user": 1, "content_type": 2, "object_id": "1", "object_repr": "Platinum", "action_flag": 1, "change_message": "[{\"added\": {}}]"}}, {"model": "admin.logentry", "pk": 2, "fields": {"action_time": "2022-05-13T04:19:42.470Z", "user": 1, "content_type": 1, "object_id": "1", "object_repr": "OIL", "action_flag": 1, "change_message": "[{\"added\": {}}]"}}, {"model": "admin.logentry", "pk": 3, "fields": {"action_time": "2022-05-13T04:20:49.118Z", "user": 1, "content_type": 9, "object_id": "3", "object_repr": "employee", "action_flag": 1, "change_message": "[{\"added\": {}}, {\"added\": {\"name\": \"employee profile\", \"object\": \"employee\"}}]"}}, {"model": "admin.logentry", "pk": 4, "fields": {"action_time": "2022-05-13T04:21:16.004Z", "user": 1, "content_type": 9, "object_id": "2", "object_repr": "member", "action_flag": 2, "change_message": "[{\"changed\": {\"name\": \"member profile\", \"object\": \"member\", \"fields\": [\"Credit\"]}}]"}}, {"model": "admin.logentry", "pk": 5, "fields": {"action_time": "2022-05-13T09:19:54.035Z", "user": 1, "content_type": 1, "object_id": "2", "object_repr": "Petrol", "action_flag": 1, "change_message": "[{\"added\": {}}]"}}, {"model": "admin.logentry", "pk": 6, "fields": {"action_time": "2022-05-13T09:20:13.411Z", "user": 1, "content_type": 1, "object_id": "3", "object_repr": "Diesel", "action_flag": 1, "change_message": "[{\"added\": {}}]"}}, {"model": "admin.logentry", "pk": 7, "fields": {"action_time": "2022-05-13T09:20:39.742Z", "user": 1, "content_type": 1, "object_id": "4", "object_repr": "V Ultra", "action_flag": 1, "change_message": "[{\"added\": {}}]"}}, {"model": "admin.logentry", "pk": 8, "fields": {"action_time": "2022-05-13T09:21:08.726Z", "user": 1, "content_type": 1, "object_id": "5", "object_repr": "U/D Premium", "action_flag": 1, "change_message": "[{\"added\": {}}]"}}, {"model": "admin.logentry", "pk": 9, "fields": {"action_time": "2022-05-13T09:21:52.620Z", "user": 1, "content_type": 1, "object_id": "6", "object_repr": "Helium", "action_flag": 1, "change_message": "[{\"added\": {}}]"}}, {"model": "admin.logentry", "pk": 10, "fields": {"action_time": "2022-05-13T09:22:28.489Z", "user": 1, "content_type": 9, "object_id": "2", "object_repr": "member", "action_flag": 2, "change_message": "[{\"changed\": {\"fields\": [\"Date joined\"]}}]"}}, {"model": "admin.logentry", "pk": 11, "fields": {"action_time": "2022-05-13T09:22:37.153Z", "user": 1, "content_type": 9, "object_id": "2", "object_repr": "member", "action_flag": 2, "change_message": "[]"}}, {"model": "admin.logentry", "pk": 12, "fields": {"action_time": "2022-05-13T09:23:35.047Z", "user": 1, "content_type": 9, "object_id": "5", "object_repr": "henrey465", "action_flag": 1, "change_message": "[{\"added\": {}}, {\"added\": {\"name\": \"member profile\", \"object\": \"henrey465\"}}]"}}, {"model": "admin.logentry", "pk": 13, "fields": {"action_time": "2022-05-13T09:23:42.226Z", "user": 1, "content_type": 9, "object_id": "5", "object_repr": "henrey465", "action_flag": 2, "change_message": "[]"}}, {"model": "admin.logentry", "pk": 14, "fields": {"action_time": "2022-05-13T09:24:37.988Z", "user": 1, "content_type": 9, "object_id": "6", "object_repr": "katherine", "action_flag": 1, "change_message": "[{\"added\": {}}, {\"added\": {\"name\": \"member profile\", \"object\": \"katherine\"}}]"}}, {"model": "admin.logentry", "pk": 15, "fields": {"action_time": "2022-05-13T09:25:20.470Z", "user": 1, "content_type": 9, "object_id": "7", "object_repr": "david_78", "action_flag": 1, "change_message": "[{\"added\": {}}, {\"added\": {\"name\": \"member profile\", \"object\": \"david_78\"}}]"}}, {"model": "admin.logentry", "pk": 16, "fields": {"action_time": "2022-05-13T09:26:48.112Z", "user": 1, "content_type": 9, "object_id": "8", "object_repr": "jennifer_b89", "action_flag": 1, "change_message": "[{\"added\": {}}, {\"added\": {\"name\": \"employee profile\", \"object\": \"jennifer_b89\"}}]"}}, {"model": "admin.logentry", "pk": 17, "fields": {"action_time": "2022-05-13T09:27:28.098Z", "user": 1, "content_type": 9, "object_id": "9", "object_repr": "samantha_09", "action_flag": 1, "change_message": "[{\"added\": {}}, {\"added\": {\"name\": \"member profile\", \"object\": \"samantha_09\"}}]"}}, {"model": "admin.logentry", "pk": 18, "fields": {"action_time": "2022-05-13T09:28:20.721Z", "user": 1, "content_type": 9, "object_id": "10", "object_repr": "manthony345", "action_flag": 1, "change_message": "[{\"added\": {}}, {\"added\": {\"name\": \"member profile\", \"object\": \"manthony345\"}}]"}}, {"model": "admin.logentry", "pk": 19, "fields": {"action_time": "2022-05-13T09:29:41.110Z", "user": 1, "content_type": 9, "object_id": "11", "object_repr": "taylor13", "action_flag": 1, "change_message": "[{\"added\": {}}, {\"added\": {\"name\": \"member profile\", \"object\": \"taylor13\"}}]"}}, {"model": "admin.logentry", "pk": 20, "fields": {"action_time": "2022-05-13T09:30:44.047Z", "user": 1, "content_type": 9, "object_id": "12", "object_repr": "court_ney95", "action_flag": 1, "change_message": "[{\"added\": {}}, {\"added\": {\"name\": \"member profile\", \"object\": \"court_ney95\"}}]"}}, {"model": "admin.logentry", "pk": 21, "fields": {"action_time": "2022-05-13T09:31:36.091Z", "user": 1, "content_type": 9, "object_id": "13", "object_repr": "james_b76", "action_flag": 1, "change_message": "[{\"added\": {}}, {\"added\": {\"name\": \"member profile\", \"object\": \"james_b76\"}}]"}}, {"model": "admin.logentry", "pk": 22, "fields": {"action_time": "2022-05-13T09:32:27.210Z", "user": 1, "content_type": 9, "object_id": "14", "object_repr": "roc_blac76", "action_flag": 1, "change_message": "[{\"added\": {}}, {\"added\": {\"name\": \"member profile\", \"object\": \"roc_blac76\"}}]"}}, {"model": "admin.logentry", "pk": 23, "fields": {"action_time": "2022-05-13T09:33:17.883Z", "user": 1, "content_type": 9, "object_id": "15", "object_repr": "kathy_beth_1984", "action_flag": 1, "change_message": "[{\"added\": {}}, {\"added\": {\"name\": \"member profile\", \"object\": \"kathy_beth_1984\"}}]"}}, {"model": "admin.logentry", "pk": 24, "fields": {"action_time": "2022-05-13T09:33:42.258Z", "user": 1, "content_type": 9, "object_id": "12", "object_repr": "court_ney95", "action_flag": 2, "change_message": "[{\"changed\": {\"fields\": [\"Date joined\"]}}]"}}, {"model": "admin.logentry", "pk": 25, "fields": {"action_time": "2022-05-13T09:33:56.383Z", "user": 1, "content_type": 9, "object_id": "7", "object_repr": "david_78", "action_flag": 2, "change_message": "[{\"changed\": {\"fields\": [\"Date joined\"]}}]"}}, {"model": "admin.logentry", "pk": 26, "fields": {"action_time": "2022-05-13T09:34:11.036Z", "user": 1, "content_type": 9, "object_id": "5", "object_repr": "henrey465", "action_flag": 2, "change_message": "[{\"changed\": {\"fields\": [\"Date joined\"]}}]"}}, {"model": "admin.logentry", "pk": 27, "fields": {"action_time": "2022-05-13T09:34:24.179Z", "user": 1, "content_type": 9, "object_id": "13", "object_repr": "james_b76", "action_flag": 2, "change_message": "[{\"changed\": {\"fields\": [\"Date joined\"]}}]"}}, {"model": "admin.logentry", "pk": 28, "fields": {"action_time": "2022-05-13T09:34:35.761Z", "user": 1, "content_type": 9, "object_id": "8", "object_repr": "jennifer_b89", "action_flag": 2, "change_message": "[{\"changed\": {\"name\": \"employee profile\", \"object\": \"jennifer_b89\", \"fields\": [\"Employment date\"]}}]"}}, {"model": "admin.logentry", "pk": 29, "fields": {"action_time": "2022-05-13T09:34:44.773Z", "user": 1, "content_type": 9, "object_id": "6", "object_repr": "katherine", "action_flag": 2, "change_message": "[{\"changed\": {\"fields\": [\"Date joined\"]}}]"}}, {"model": "admin.logentry", "pk": 30, "fields": {"action_time": "2022-05-13T09:34:57.238Z", "user": 1, "content_type": 9, "object_id": "10", "object_repr": "manthony345", "action_flag": 2, "change_message": "[{\"changed\": {\"fields\": [\"Date joined\"]}}]"}}, {"model": "admin.logentry", "pk": 31, "fields": {"action_time": "2022-05-13T09:35:12.314Z", "user": 1, "content_type": 9, "object_id": "10", "object_repr": "manthony345", "action_flag": 2, "change_message": "[]"}}, {"model": "admin.logentry", "pk": 32, "fields": {"action_time": "2022-05-13T09:35:28.449Z", "user": 1, "content_type": 9, "object_id": "4", "object_repr": "ray", "action_flag": 2, "change_message": "[{\"changed\": {\"fields\": [\"Date joined\"]}}]"}}, {"model": "admin.logentry", "pk": 33, "fields": {"action_time": "2022-05-13T09:35:37.366Z", "user": 1, "content_type": 9, "object_id": "14", "object_repr": "roc_blac76", "action_flag": 2, "change_message": "[]"}}, {"model": "admin.logentry", "pk": 34, "fields": {"action_time": "2022-05-13T09:35:48.865Z", "user": 1, "content_type": 9, "object_id": "11", "object_repr": "taylor13", "action_flag": 2, "change_message": "[{\"changed\": {\"fields\": [\"Date joined\"]}}]"}}, {"model": "admin.logentry", "pk": 35, "fields": {"action_time": "2022-05-13T09:37:19.562Z", "user": 1, "content_type": 4, "object_id": "30", "object_repr": "henrey465 - 2 OIL", "action_flag": 1, "change_message": "[{\"added\": {}}]"}}, {"model": "admin.logentry", "pk": 36, "fields": {"action_time": "2022-05-13T09:38:09.943Z", "user": 1, "content_type": 4, "object_id": "31", "object_repr": "david_78 - 4 OIL", "action_flag": 1, "change_message": "[{\"added\": {}}]"}}, {"model": "admin.logentry", "pk": 37, "fields": {"action_time": "2022-05-13T09:38:50.817Z", "user": 1, "content_type": 4, "object_id": "32", "object_repr": "kathy_beth_1984 - 8 OIL", "action_flag": 1, "change_message": "[{\"added\": {}}]"}}, {"model": "admin.logentry", "pk": 38, "fields": {"action_time": "2022-05-13T09:39:21.116Z", "user": 1, "content_type": 4, "object_id": "1", "object_repr": "member - 2 OIL", "action_flag": 2, "change_message": "[{\"changed\": {\"fields\": [\"Order timestamp\", \"Action timestamp\"]}}]"}}, {"model": "admin.logentry", "pk": 39, "fields": {"action_time": "2022-05-13T09:39:28.269Z", "user": 1, "content_type": 4, "object_id": "1", "object_repr": "member - 2 OIL", "action_flag": 2, "change_message": "[]"}}, {"model": "admin.logentry", "pk": 40, "fields": {"action_time": "2022-05-13T09:40:56.782Z", "user": 1, "content_type": 4, "object_id": "33", "object_repr": "kathy_beth_1984 - 3 Diesel", "action_flag": 1, "change_message": "[{\"added\": {}}]"}}, {"model": "admin.logentry", "pk": 41, "fields": {"action_time": "2022-05-13T09:41:49.709Z", "user": 1, "content_type": 4, "object_id": "34", "object_repr": "katherine - 3 U/D Premium", "action_flag": 1, "change_message": "[{\"added\": {}}]"}}, {"model": "admin.logentry", "pk": 42, "fields": {"action_time": "2022-05-13T09:42:11.220Z", "user": 1, "content_type": 4, "object_id": "35", "object_repr": "court_ney95 - 1 U/D Premium", "action_flag": 1, "change_message": "[{\"added\": {}}]"}}, {"model": "admin.logentry", "pk": 43, "fields": {"action_time": "2022-05-13T09:42:40.188Z", "user": 1, "content_type": 4, "object_id": "36", "object_repr": "taylor13 - 47 Helium", "action_flag": 1, "change_message": "[{\"added\": {}}]"}}, {"model": "admin.logentry", "pk": 44, "fields": {"action_time": "2022-05-13T09:43:25.179Z", "user": 1, "content_type": 4, "object_id": "37", "object_repr": "court_ney95 - 2 Diesel", "action_flag": 1, "change_message": "[{\"added\": {}}]"}}, {"model": "admin.logentry", "pk": 45, "fields": {"action_time": "2022-05-13T09:43:54.766Z", "user": 1, "content_type": 4, "object_id": "38", "object_repr": "david_78 - 7 V Ultra", "action_flag": 1, "change_message": "[{\"added\": {}}]"}}, {"model": "admin.logentry", "pk": 46, "fields": {"action_time": "2022-05-13T09:44:26.445Z", "user": 1, "content_type": 4, "object_id": "39", "object_repr": "roc_blac76 - 40 Petrol", "action_flag": 1, "change_message": "[{\"added\": {}}]"}}, {"model": "admin.logentry", "pk": 47, "fields": {"action_time": "2022-05-13T09:44:56.957Z", "user": 1, "content_type": 4, "object_id": "40", "object_repr": "ray - 2 Helium", "action_flag": 1, "change_message": "[{\"added\": {}}]"}}, {"model": "admin.logentry", "pk": 48, "fields": {"action_time": "2022-05-13T09:45:27.151Z", "user": 1, "content_type": 4, "object_id": "41", "object_repr": "james_b76 - 4 Petrol", "action_flag": 1, "change_message": "[{\"added\": {}}]"}}, {"model": "admin.logentry", "pk": 49, "fields": {"action_time": "2022-05-13T09:45:44.525Z", "user": 1, "content_type": 4, "object_id": "37", "object_repr": "court_ney95 - 2 Diesel", "action_flag": 2, "change_message": "[{\"changed\": {\"fields\": [\"Employee\"]}}]"}}, {"model": "auth.permission", "pk": 1, "fields": {"name": "Can add item", "content_type": 1, "codename": "add_item"}}, {"model": "auth.permission", "pk": 2, "fields": {"name": "Can change item", "content_type": 1, "codename": "change_item"}}, {"model": "auth.permission", "pk": 3, "fields": {"name": "Can delete item", "content_type": 1, "codename": "delete_item"}}, {"model": "auth.permission", "pk": 4, "fields": {"name": "Can view item", "content_type": 1, "codename": "view_item"}}, {"model": "auth.permission", "pk": 5, "fields": {"name": "Can add member type", "content_type": 2, "codename": "add_membertype"}}, {"model": "auth.permission", "pk": 6, "fields": {"name": "Can change member type", "content_type": 2, "codename": "change_membertype"}}, {"model": "auth.permission", "pk": 7, "fields": {"name": "Can delete member type", "content_type": 2, "codename": "delete_membertype"}}, {"model": "auth.permission", "pk": 8, "fields": {"name": "Can view member type", "content_type": 2, "codename": "view_membertype"}}, {"model": "auth.permission", "pk": 9, "fields": {"name": "Can add member profile", "content_type": 3, "codename": "add_memberprofile"}}, {"model": "auth.permission", "pk": 10, "fields": {"name": "Can change member profile", "content_type": 3, "codename": "change_memberprofile"}}, {"model": "auth.permission", "pk": 11, "fields": {"name": "Can delete member profile", "content_type": 3, "codename": "delete_memberprofile"}}, {"model": "auth.permission", "pk": 12, "fields": {"name": "Can view member profile", "content_type": 3, "codename": "view_memberprofile"}}, {"model": "auth.permission", "pk": 13, "fields": {"name": "Can add invoice", "content_type": 4, "codename": "add_invoice"}}, {"model": "auth.permission", "pk": 14, "fields": {"name": "Can change invoice", "content_type": 4, "codename": "change_invoice"}}, {"model": "auth.permission", "pk": 15, "fields": {"name": "Can delete invoice", "content_type": 4, "codename": "delete_invoice"}}, {"model": "auth.permission", "pk": 16, "fields": {"name": "Can view invoice", "content_type": 4, "codename": "view_invoice"}}, {"model": "auth.permission", "pk": 17, "fields": {"name": "Can add employee profile", "content_type": 5, "codename": "add_employeeprofile"}}, {"model": "auth.permission", "pk": 18, "fields": {"name": "Can change employee profile", "content_type": 5, "codename": "change_employeeprofile"}}, {"model": "auth.permission", "pk": 19, "fields": {"name": "Can delete employee profile", "content_type": 5, "codename": "delete_employeeprofile"}}, {"model": "auth.permission", "pk": 20, "fields": {"name": "Can view employee profile", "content_type": 5, "codename": "view_employeeprofile"}}, {"model": "auth.permission", "pk": 21, "fields": {"name": "Can add log entry", "content_type": 6, "codename": "add_logentry"}}, {"model": "auth.permission", "pk": 22, "fields": {"name": "Can change log entry", "content_type": 6, "codename": "change_logentry"}}, {"model": "auth.permission", "pk": 23, "fields": {"name": "Can delete log entry", "content_type": 6, "codename": "delete_logentry"}}, {"model": "auth.permission", "pk": 24, "fields": {"name": "Can view log entry", "content_type": 6, "codename": "view_logentry"}}, {"model": "auth.permission", "pk": 25, "fields": {"name": "Can add permission", "content_type": 7, "codename": "add_permission"}}, {"model": "auth.permission", "pk": 26, "fields": {"name": "Can change permission", "content_type": 7, "codename": "change_permission"}}, {"model": "auth.permission", "pk": 27, "fields": {"name": "Can delete permission", "content_type": 7, "codename": "delete_permission"}}, {"model": "auth.permission", "pk": 28, "fields": {"name": "Can view permission", "content_type": 7, "codename": "view_permission"}}, {"model": "auth.permission", "pk": 29, "fields": {"name": "Can add group", "content_type": 8, "codename": "add_group"}}, {"model": "auth.permission", "pk": 30, "fields": {"name": "Can change group", "content_type": 8, "codename": "change_group"}}, {"model": "auth.permission", "pk": 31, "fields": {"name": "Can delete group", "content_type": 8, "codename": "delete_group"}}, {"model": "auth.permission", "pk": 32, "fields": {"name": "Can view group", "content_type": 8, "codename": "view_group"}}, {"model": "auth.permission", "pk": 33, "fields": {"name": "Can add user", "content_type": 9, "codename": "add_user"}}, {"model": "auth.permission", "pk": 34, "fields": {"name": "Can change user", "content_type": 9, "codename": "change_user"}}, {"model": "auth.permission", "pk": 35, "fields": {"name": "Can delete user", "content_type": 9, "codename": "delete_user"}}, {"model": "auth.permission", "pk": 36, "fields": {"name": "Can view user", "content_type": 9, "codename": "view_user"}}, {"model": "auth.permission", "pk": 37, "fields": {"name": "Can add content type", "content_type": 10, "codename": "add_contenttype"}}, {"model": "auth.permission", "pk": 38, "fields": {"name": "Can change content type", "content_type": 10, "codename": "change_contenttype"}}, {"model": "auth.permission", "pk": 39, "fields": {"name": "Can delete content type", "content_type": 10, "codename": "delete_contenttype"}}, {"model": "auth.permission", "pk": 40, "fields": {"name": "Can view content type", "content_type": 10, "codename": "view_contenttype"}}, {"model": "auth.permission", "pk": 41, "fields": {"name": "Can add session", "content_type": 11, "codename": "add_session"}}, {"model": "auth.permission", "pk": 42, "fields": {"name": "Can change session", "content_type": 11, "codename": "change_session"}}, {"model": "auth.permission", "pk": 43, "fields": {"name": "Can delete session", "content_type": 11, "codename": "delete_session"}}, {"model": "auth.permission", "pk": 44, "fields": {"name": "Can view session", "content_type": 11, "codename": "view_session"}}, {"model": "auth.user", "pk": 1, "fields": {"password": "pbkdf2_sha256$320000$XzEbO715KsOTMsQoSR9ec6$vHMNC4z9MgopbLpFhyeVfyy+NuBudIClzGFZ9zb+ZrI=", "last_login": "2022-05-13T17:42:06.802Z", "is_superuser": true, "username": "ayush", "first_name": "", "last_name": "", "email": "", "is_staff": true, "is_active": true, "date_joined": "2022-05-13T04:16:03.393Z", "groups": [], "user_permissions": []}}, {"model": "auth.user", "pk": 2, "fields": {"password": "pbkdf2_sha256$320000$cSCl8E3L7dAmCpq9f0oPdm$QYc7gcT8UT5w6MNS4OdEfLyDOyZKR5TXkMH6kFmyKa0=", "last_login": "2022-05-14T06:40:22.332Z", "is_superuser": false, "username": "member", "first_name": "", "last_name": "", "email": "", "is_staff": false, "is_active": true, "date_joined": "2022-04-13T04:18:23Z", "groups": [], "user_permissions": []}}, {"model": "auth.user", "pk": 3, "fields": {"password": "pbkdf2_sha256$320000$GQkvslHmlqfL7udkK0u4Xh$YmH/2cf7r+D2d6jiV6XTEQ5GradfQwKpfoHwn2kk7sY=", "last_login": "2022-05-14T06:40:34.310Z", "is_superuser": false, "username": "employee", "first_name": "", "last_name": "", "email": "", "is_staff": false, "is_active": true, "date_joined": "2022-05-13T04:20:48.890Z", "groups": [], "user_permissions": []}}, {"model": "auth.user", "pk": 4, "fields": {"password": "pbkdf2_sha256$320000$fewuvz5Ab5MdARbHpKqATB$Y0lulqYVW0cOj6B9rjqTNV9fvTTEfbnJMUV3+dIT008=", "last_login": "2022-05-13T08:53:07Z", "is_superuser": false, "username": "ray", "first_name": "", "last_name": "", "email": "", "is_staff": false, "is_active": true, "date_joined": "2022-05-12T08:53:06Z", "groups": [], "user_permissions": []}}, {"model": "auth.user", "pk": 5, "fields": {"password": "pbkdf2_sha256$320000$2Ws0o4dLteylUCSErgnFtV$DLWXbESWM+JwghpGkU9RK8pNZiL0oFcsVdRNz27kESA=", "last_login": null, "is_superuser": false, "username": "henrey465", "first_name": "", "last_name": "", "email": "", "is_staff": false, "is_active": true, "date_joined": "2022-05-09T09:23:34Z", "groups": [], "user_permissions": []}}, {"model": "auth.user", "pk": 6, "fields": {"password": "pbkdf2_sha256$320000$kIhnOXNnc5FYbgZiB83e4i$NduasFvYb4vH1owE+LA8uAeYPPHHkZtYeYmOYmhP7aQ=", "last_login": null, "is_superuser": false, "username": "katherine", "first_name": "", "last_name": "", "email": "", "is_staff": false, "is_active": true, "date_joined": "2022-05-12T09:24:37Z", "groups": [], "user_permissions": []}}, {"model": "auth.user", "pk": 7, "fields": {"password": "pbkdf2_sha256$320000$as5JAF4b4GGk3mBgF5Tasw$NUfkkxFao0imbC/DU9wxbs5KS7uPxXOmJI2yY/wFSpU=", "last_login": null, "is_superuser": false, "username": "david_78", "first_name": "", "last_name": "", "email": "", "is_staff": false, "is_active": true, "date_joined": "2022-05-10T09:25:20Z", "groups": [], "user_permissions": []}}, {"model": "auth.user", "pk": 8, "fields": {"password": "pbkdf2_sha256$320000$YzC78koTNBxbXOhjYXMQvI$g8j5DWvAM6X3CC/IS9IyxX5GhqZKHtc3gSbIXcwaHNM=", "last_login": null, "is_superuser": false, "username": "jennifer_b89", "first_name": "", "last_name": "", "email": "", "is_staff": false, "is_active": true, "date_joined": "2022-05-13T09:26:47Z", "groups": [], "user_permissions": []}}, {"model": "auth.user", "pk": 9, "fields": {"password": "pbkdf2_sha256$320000$KcDKKZ62JBsqaOdsukmG95$aRo7m2cG/m+qRs53GCHvTFqFca+ea/QdvAu5pEyNGLs=", "last_login": null, "is_superuser": false, "username": "samantha_09", "first_name": "", "last_name": "", "email": "", "is_staff": false, "is_active": true, "date_joined": "2022-05-13T09:27:27.882Z", "groups": [], "user_permissions": []}}, {"model": "auth.user", "pk": 10, "fields": {"password": "pbkdf2_sha256$320000$WvFkgd78AHK8BoOVAOIYrG$6g5oedch3Y/d3La3dZu9MG+a4/5EgHGNoGgXFXkns1o=", "last_login": null, "is_superuser": false, "username": "manthony345", "first_name": "", "last_name": "", "email": "", "is_staff": false, "is_active": true, "date_joined": "2022-05-11T09:28:20Z", "groups": [], "user_permissions": []}}, {"model": "auth.user", "pk": 11, "fields": {"password": "pbkdf2_sha256$320000$hBy1M8EavQa1QP6kOmF8CK$CaKKVbGRo/Up7F/nIHzCZR0bOoOJp3DVs5wcgwb6Gcg=", "last_login": null, "is_superuser": false, "username": "taylor13", "first_name": "", "last_name": "", "email": "", "is_staff": false, "is_active": true, "date_joined": "2022-05-10T09:29:40Z", "groups": [], "user_permissions": []}}, {"model": "auth.user", "pk": 12, "fields": {"password": "pbkdf2_sha256$320000$sHOliQTwd66BFP7Bu4qCHO$spmsNWwT62R1vCI29a3E+Dmc923ur6HSOS5ww5ozyMc=", "last_login": null, "is_superuser": false, "username": "court_ney95", "first_name": "", "last_name": "", "email": "", "is_staff": false, "is_active": true, "date_joined": "2022-05-10T09:30:43Z", "groups": [], "user_permissions": []}}, {"model": "auth.user", "pk": 13, "fields": {"password": "pbkdf2_sha256$320000$90R6sMNETTkDoXM3FceYCO$RGM0s8CXwz4f4rx8Qk+NiQjMsrtOakjDylGU+gYfIfE=", "last_login": null, "is_superuser": false, "username": "james_b76", "first_name": "", "last_name": "", "email": "", "is_staff": false, "is_active": true, "date_joined": "2022-05-09T09:31:35Z", "groups": [], "user_permissions": []}}, {"model": "auth.user", "pk": 14, "fields": {"password": "pbkdf2_sha256$320000$3KmuW8TsKRnMd25hdUrSf4$T06rZmeVfpkMvaii3a6/gjup0pfTYVO3gn9y7cVLDWQ=", "last_login": null, "is_superuser": false, "username": "roc_blac76", "first_name": "", "last_name": "", "email": "", "is_staff": false, "is_active": true, "date_joined": "2022-05-13T09:32:26Z", "groups": [], "user_permissions": []}}, {"model": "auth.user", "pk": 15, "fields": {"password": "pbkdf2_sha256$320000$AZ06C9TEMVd2sybA7xa9Gb$zxxdnAYW+EHcJViy0XK73Rvk0S7Yom4GKnya+7RhFqM=", "last_login": null, "is_superuser": false, "username": "kathy_beth_1984", "first_name": "", "last_name": "", "email": "", "is_staff": false, "is_active": true, "date_joined": "2022-05-13T09:33:17.618Z", "groups": [], "user_permissions": []}}, {"model": "auth.user", "pk": 16, "fields": {"password": "pbkdf2_sha256$320000$wkNkWEYNLq6d1TmGI9iED5$RdcjT6zwddBVs0GCeaNAn3eqDjqSreKVNRgUi36bmb0=", "last_login": "2022-05-14T05:54:39.889Z", "is_superuser": false, "username": "member2", "first_name": "", "last_name": "", "email": "", "is_staff": false, "is_active": true, "date_joined": "2022-05-14T05:54:39.657Z", "groups": [], "user_permissions": []}}, {"model": "contenttypes.contenttype", "pk": 1, "fields": {"app_label": "member", "model": "item"}}, {"model": "contenttypes.contenttype", "pk": 2, "fields": {"app_label": "member", "model": "membertype"}}, {"model": "contenttypes.contenttype", "pk": 3, "fields": {"app_label": "member", "model": "memberprofile"}}, {"model": "contenttypes.contenttype", "pk": 4, "fields": {"app_label": "member", "model": "invoice"}}, {"model": "contenttypes.contenttype", "pk": 5, "fields": {"app_label": "employee", "model": "employeeprofile"}}, {"model": "contenttypes.contenttype", "pk": 6, "fields": {"app_label": "admin", "model": "logentry"}}, {"model": "contenttypes.contenttype", "pk": 7, "fields": {"app_label": "auth", "model": "permission"}}, {"model": "contenttypes.contenttype", "pk": 8, "fields": {"app_label": "auth", "model": "group"}}, {"model": "contenttypes.contenttype", "pk": 9, "fields": {"app_label": "auth", "model": "user"}}, {"model": "contenttypes.contenttype", "pk": 10, "fields": {"app_label": "contenttypes", "model": "contenttype"}}, {"model": "contenttypes.contenttype", "pk": 11, "fields": {"app_label": "sessions", "model": "session"}}, {"model": "sessions.session", "pk": "3ma6okz99wjqbrpfnswelv1oauxm7475", "fields": {"session_data": ".eJxVjDsOwjAQRO_iGln-ZO2Ykj5nsNafxQHkSHFSIe6OI6UATTHSvJl5M4_7Vvze8urnxK5MsstvFjA-cz1AemC9LzwudVvnwI8KP2nj05Ly63Z2_w4KttLXRNlEJxV2DylqyGA0kiMwCMIqTaOwo6WEBiJJJ5KGIQtrLaiugX2-A1s3ug:1npOW3:Jp1Vcys5mJM8T1YhKicARIJzSvQxe7Bwp7Qw63FItjY", "expire_date": "2022-05-27T06:11:07.400Z"}}, {"model": "sessions.session", "pk": "48aprqk70caiw1bxk7zwmwg3xs307653", "fields": {"session_data": ".eJxVjDsOwjAQRO_iGln-ZO2Ykj5nsNafxQHkSHFSIe6OI6UATTHSvJl5M4_7Vvze8urnxK5MsstvFjA-cz1AemC9LzwudVvnwI8KP2nj05Ly63Z2_w4KttLXRNlEJxV2DylqyGA0kiMwCMIqTaOwo6WEBiJJJ5KGIQtrLaiugX2-A1s3ug:1npT1r:0Kc4OP13j5cNrILIDOzoo8HEfx1W9LYQC3LRSmyhPro", "expire_date": "2022-05-27T11:00:15.779Z"}}, {"model": "sessions.session", "pk": "asxke9syrsvzfy9lfirpl23zadgcn8ed", "fields": {"session_data": ".eJxVjMsOwiAUBf-FtSEthVBcuvcbyH1wpWogKe2q8d8NSRe6PTNzDhVh33LcW1rjwuqqJnX53RDolUoH_ITyqJpq2dYFdVf0SZu-V07v2-n-HWRoudeCZrSIHGYiG2YZbQIvRsR55MmhjGJ4RkucBs8ypGANerLOCIAj9fkCIOA5hw:1nplS6:wlOZa_Sr9Q91lt4TGjQIx8Z8A6HZjisl9UqoHrFTORI", "expire_date": "2022-05-28T06:40:34.316Z"}}, {"model": "sessions.session", "pk": "eyrk0tlob8w2bsk9ibcpu48ffji05l6w", "fields": {"session_data": ".eJxVjDsOwjAQRO_iGln-ZO2Ykj5nsNafxQHkSHFSIe6OI6UATTHSvJl5M4_7Vvze8urnxK5MsstvFjA-cz1AemC9LzwudVvnwI8KP2nj05Ly63Z2_w4KttLXRNlEJxV2DylqyGA0kiMwCMIqTaOwo6WEBiJJJ5KGIQtrLaiugX2-A1s3ug:1npMlw:-RiuEIciGMl0YGEDShz_lw_GQ-u47faUkg5xZPwUCWg", "expire_date": "2022-05-27T04:19:24.966Z"}}]